event,percent,seed,repeat,tracks_gen,n_true,n_gen,n_real,n_real_all,n_fakes,precision,recall,trackml,missings,en,en0,endiff,qtime_cpu,qtime_wall,cpu_time,wall_time
1000,1,201304366,0,5,37,21,10,19,2,0.8333333333333334,0.2702702702702703,0.3697126537725674,27,-103.02852071406795,-28.730169262562747,-74.2983514515052,36.734375,172.40104620000002,36.734375,172.41132960000002
